edgeID,startNode,endNode
ACONF001F2_AHALL001F2,ACONF001F2,AHALL001F2
ACONF001F3_AHALL005F3,ACONF001F3,AHALL005F3
ACONF0010G_AHALL0060G,ACONF0010G,AHALL0060G
ACONF0010G_AHALL0070G,ACONF0010G,AHALL0070G
ACONF0010G_AHALL0080G,ACONF0010G,AHALL0080G
ADEPT001F1_AHALL004F1,ADEPT001F1,AHALL004F1
ADEPT001F2_AHALL005F2,ADEPT001F2,AHALL005F2
ADEPT0010G_AHALL0040G,ADEPT0010G,AHALL0040G
ADEPT0020G_AHALL0110G,ADEPT0020G,AHALL0110G
AELEV00SF1_AELEV00SF2,AELEV00SF1,AELEV00SF2
AELEV00SF1_AELEV00SF3,AELEV00SF1,AELEV00SF3
AELEV00SF1_AHALL008F1,AELEV00SF1,AHALL008F1
AELEV00SF2_AELEV00SF3,AELEV00SF2,AELEV00SF3
AELEV00SF2_AHALL004F2,AELEV00SF2,AHALL004F2
AELEV00SF3_AHALL001F3,AELEV00SF3,AHALL001F3
AELEV00S0G_AELEV00SF1,AELEV00S0G,AELEV00SF1
AELEV00S0G_AELEV00SF2,AELEV00S0G,AELEV00SF2
AELEV00S0G_AELEV00SF3,AELEV00S0G,AELEV00SF3
AELEV00S0G_AHALL0090G,AELEV00S0G,AHALL0090G
AELEV00SL2_AELEV00SF1,AELEV00SL2,AELEV00SF1
AELEV00SL2_AELEV00SF2,AELEV00SL2,AELEV00SF2
AELEV00SL2_AELEV00SF3,AELEV00SL2,AELEV00SF3
AELEV00SL2_AELEV00S0G,AELEV00SL2,AELEV00S0G
AHALL001F1_AHALL009F1,AHALL001F1,AHALL009F1
AHALL0010G_AEXIT0010G,AHALL0010G,AEXIT0010G
AHALL001L2_AELEV00SL2,AHALL001L2,AELEV00SL2
AHALL002F1_AHALL001F1,AHALL002F1,AHALL001F1
AHALL002F1_AHALL009F1,AHALL002F1,AHALL009F1
AHALL002F2_AHALL001F2,AHALL002F2,AHALL001F2
AHALL002F3_AHALL001F3,AHALL002F3,AHALL001F3
AHALL0020G_AHALL0010G,AHALL0020G,AHALL0010G
AHALL0020G_AHALL0060G,AHALL0020G,AHALL0060G
AHALL002L2_AHALL001L2,AHALL002L2,AHALL001L2
AHALL002L2_AEXIT001L2,AHALL002L2,AEXIT001L2
AHALL002L2_AHALL003L2,AHALL002L2,AHALL003L2
AHALL003F1_AHALL002F1,AHALL003F1,AHALL002F1
AHALL003F2_AHALL002F2,AHALL003F2,AHALL002F2
AHALL003F3_AHALL002F3,AHALL003F3,AHALL002F3
AHALL003L2_AHALL004L2,AHALL003L2,AHALL004L2
AHALL004F1_AHALL003F1,AHALL004F1,AHALL003F1
AHALL004F1_AHALL008F1,AHALL004F1,AHALL008F1
AHALL004F2_AHALL003F2,AHALL004F2,AHALL003F2
AHALL004F3_AHALL003F3,AHALL004F3,AHALL003F3
AHALL0040G_AHALL0120G,AHALL0040G,AHALL0120G
AHALL004L2_ALABS001L2,AHALL004L2,ALABS001L2
AHALL005F1_AHALL004F1,AHALL005F1,AHALL004F1
AHALL005F2_AHALL004F2,AHALL005F2,AHALL004F2
AHALL005F3_AHALL004F3,AHALL005F3,AHALL004F3
AHALL0050G_AHALL0010G,AHALL0050G,AHALL0010G
AHALL006F1_ADEPT002F1,AHALL006F1,ADEPT002F1
AHALL006F1_AHALL005F1,AHALL006F1,AHALL005F1
AHALL006F2_AHALL001F2,AHALL006F2,AHALL001F2
AHALL006F2_WHALL010F2,AHALL006F2,WHALL010F2
AHALL006F3_AHALL005F3,AHALL006F3,AHALL005F3
AHALL0060G_AHALL0150G,AHALL0060G,AHALL0150G
AHALL007F1_ADEPT003F1,AHALL007F1,ADEPT003F1
AHALL007F1_AHALL005F1,AHALL007F1,AHALL005F1
AHALL0070G_AHALL0050G,AHALL0070G,AHALL0050G
AHALL008F1_AHALL003F1,AHALL008F1,AHALL003F1
AHALL0080G_AHALL0060G,AHALL0080G,AHALL0060G
AHALL0080G_AHALL0140G,AHALL0080G,AHALL0140G
AHALL009F1_AHALL010F1,AHALL009F1,AHALL010F1
AHALL0090G_AHALL0140G,AHALL0090G,AHALL0140G
AHALL010F1_AHALL001F1,AHALL010F1,AHALL001F1
AHALL010F1_AHALL002F1,AHALL010F1,AHALL002F1
AHALL010F1_ASTAI001F1,AHALL010F1,ASTAI001F1
AHALL0100G_AHALL0080G,AHALL0100G,AHALL0080G
AHALL0110G_AHALL0100G,AHALL0110G,AHALL0100G
AHALL0120G_AHALL0130G,AHALL0120G,AHALL0130G
AHALL0130G_AHALL0020G,AHALL0130G,AHALL0020G
AHALL0140G_AINFO0020G,AHALL0140G,AINFO0020G
AINFO0010G_AHALL0090G,AINFO0010G,AHALL0090G
AINFO001L2_AHALL002L2,AINFO001L2,AHALL002L2
AINFO0020G_AHALL0070G,AINFO0020G,AHALL0070G
ALABS001F3_AHALL002F3,ALABS001F3,AHALL002F3
ALABS002F3_AHALL003F3,ALABS002F3,AHALL003F3
AREST001F1_AHALL009F1,AREST001F1,AHALL009F1
AREST001F3_AHALL006F3,AREST001F3,AHALL006F3
ARETL001F1_AHALL001F1,ARETL001F1,AHALL001F1
ASTAI001F1_AHALL002F1,ASTAI001F1,AHALL002F1
ASTAI001F1_AHALL001F1,ASTAI001F1,AHALL001F1
ASTAI001F1_ASTAI0010G,ASTAI001F1,ASTAI0010G
ASTAI001F2_AHALL002F2,ASTAI001F2,AHALL002F2
ASTAI001F2_ASTAI001F1,ASTAI001F2,ASTAI001F1
ASTAI0010G_AHALL0020G,ASTAI0010G,AHALL0020G
BCONF001F2_BHALL034F2,BCONF001F2,BHALL034F2
BDEPT001F2_BHALL038F2,BDEPT001F2,BHALL038F2
BDEPT002F2_BHALL034F2,BDEPT002F2,BHALL034F2
BDEPT003F2_WELEV00JF2,BDEPT003F2,WELEV00JF2
BDEPT004F2_BHALL006F2,BDEPT004F2,BHALL006F2
BDEPT006F2_BHALL033F2,BDEPT006F2,BHALL033F2
BDEPT007F2_BHALL017F2,BDEPT007F2,BHALL017F2
BDEPT008F2_BSTAI006F2,BDEPT008F2,BSTAI006F2
BDEPT009F2_BHALL014F2,BDEPT009F2,BHALL014F2
BDEPT009F2_WELEV00EF2,BDEPT009F2,WELEV00EF2
BHALL001F2_BHALL002F2,BHALL001F2,BHALL002F2
BHALL001F2_BSTAI010F2,BHALL001F2,BSTAI010F2
BHALL002F2_BHALL005F2,BHALL002F2,BHALL005F2
BHALL002F2_BSTAI002F2,BHALL002F2,BSTAI002F2
BHALL003F2_BHALL034F2,BHALL003F2,BHALL034F2
BHALL003F2_WELEV00KF2,BHALL003F2,WELEV00KF2
BHALL004F2_BHALL031F2,BHALL004F2,BHALL031F2
BHALL004F2_BLABS001F2,BHALL004F2,BLABS001F2
BHALL004F2_BREST003F2,BHALL004F2,BREST003F2
BHALL005F2_BDEPT003F2,BHALL005F2,BDEPT003F2
BHALL005F2_BDEPT004F2,BHALL005F2,BDEPT004F2
BHALL005F2_WELEV00JF2,BHALL005F2,WELEV00JF2
BHALL006F2_BHALL007F2,BHALL006F2,BHALL007F2
BHALL006F2_BHALL018F2,BHALL006F2,BHALL018F2
BHALL006F2_BREST002F2,BHALL006F2,BREST002F2
BHALL007F2_BHALL010F2,BHALL007F2,BHALL010F2
BHALL007F2_BHALL015F2,BHALL007F2,BHALL015F2
BHALL008F2_BSTAI003F2,BHALL008F2,BSTAI003F2
BHALL009F2_BHALL037F2,BHALL009F2,BHALL037F2
BHALL010F2_BHALL016F2,BHALL010F2,BHALL016F2
BHALL011F2_BHALL010F2,BHALL011F2,BHALL010F2
BHALL011F2_BHALL012F2,BHALL011F2,BHALL012F2
BHALL011F2_BHALL023F2,BHALL011F2,BHALL023F2
BHALL012F2_BHALL013F2,BHALL012F2,BHALL013F2
BHALL012F2_BSTAI005F2,BHALL012F2,BSTAI005F2
BHALL012F2_WELEV00GF2,BHALL012F2,WELEV00GF2
BHALL013F2_BDEPT008F2,BHALL013F2,BDEPT008F2
BHALL013F2_BINFO002F2,BHALL013F2,BINFO002F2
BHALL014F2_WHALL001F2,BHALL014F2,WHALL001F2
BHALL018F2_BDEPT005F2,BHALL018F2,BDEPT005F2
BHALL019F2_BDEPT005F2,BHALL019F2,BDEPT005F2
BHALL019F2_BHALL020F2,BHALL019F2,BHALL020F2
BHALL019F2_BHALL041F2,BHALL019F2,BHALL041F2
BHALL020F2_BHALL021F2,BHALL020F2,BHALL021F2
BHALL020F2_BHALL042F2,BHALL020F2,BHALL042F2
BHALL021F2_BSERV001F2,BHALL021F2,BSERV001F2
BHALL022F2_BHALL021F2,BHALL022F2,BHALL021F2
BHALL022F2_BHALL023F2,BHALL022F2,BHALL023F2
BHALL023F2_BINFO001F2,BHALL023F2,BINFO001F2
BHALL025F2_BHALL026F2,BHALL025F2,BHALL026F2
BHALL026F2_BHALL014F2,BHALL026F2,BHALL014F2
BHALL026F2_BHALL027F2,BHALL026F2,BHALL027F2
BHALL027F2_BHALL028F2,BHALL027F2,BHALL028F2
BHALL030F2_BHALL033F2,BHALL030F2,BHALL033F2
BHALL030F2_BREST005F2,BHALL030F2,BREST005F2
BHALL030F2_BSTAI007F2,BHALL030F2,BSTAI007F2
BHALL031F2_BHALL033F2,BHALL031F2,BHALL033F2
BHALL031F2_BSTAI008F2,BHALL031F2,BSTAI008F2
BHALL035F2_BHALL003F2,BHALL035F2,BHALL003F2
BHALL035F2_BHALL004F2,BHALL035F2,BHALL004F2
BHALL036F2_BHALL038F2,BHALL036F2,BHALL038F2
BHALL037F2_BHALL036F2,BHALL037F2,BHALL036F2
BHALL041F2_BHALL042F2,BHALL041F2,BHALL042F2
BHALL041F2_WELEV00HF2,BHALL041F2,WELEV00HF2
BHALL042F2_BHALL043F2,BHALL042F2,BHALL043F2
BHALL042F2_WELEV00HF2,BHALL042F2,WELEV00HF2
BHALL043F2_BHALL029F2,BHALL043F2,BHALL029F2
BHALL044F2_BHALL028F2,BHALL044F2,BHALL028F2
BHALL044F2_BINFO002F2,BHALL044F2,BINFO002F2
BHALL044F2_WELEV00FF2,BHALL044F2,WELEV00FF2
BINFO001F2_BHALL044F2,BINFO001F2,BHALL044F2
BINFO001F2_BLABS002F2,BINFO001F2,BLABS002F2
BINFO002F2_BHALL025F2,BINFO002F2,BHALL025F2
BINFO002F2_WELEV00FF2,BINFO002F2,WELEV00FF2
BREST001F2_BHALL034F2,BREST001F2,BHALL034F2
BREST002F2_BHALL008F2,BREST002F2,BHALL008F2
BREST003F2_BSTAI009F2,BREST003F2,BSTAI009F2
BREST004F2_BHALL032F2,BREST004F2,BHALL032F2
BREST005F2_BHALL029F2,BREST005F2,BHALL029F2
BSTAI001F2_BHALL001F2,BSTAI001F2,BHALL001F2
BSTAI002F2_BHALL038F2,BSTAI002F2,BHALL038F2
BSTAI005F2_BDEPT007F2,BSTAI005F2,BDEPT007F2
BSTAI005F2_WELEV00GF2,BSTAI005F2,WELEV00GF2
BSTAI006F2_BDEPT009F2,BSTAI006F2,BDEPT009F2
BSTAI006F2_WELEV00EF2,BSTAI006F2,WELEV00EF2
BSTAI007F2_ESTAI003F1,BSTAI007F2,ESTAI003F1
BSTAI008F2_BREST004F2,BSTAI008F2,BREST004F2
BSTAI008F2_ESTAI004F1,BSTAI008F2,ESTAI004F1
BSTAI009F2_WHALL006F2,BSTAI009F2,WHALL006F2
BSTAI010F2_BHALL003F2,BSTAI010F2,BHALL003F2
BSTAI010F2_WELEV00KF2,BSTAI010F2,WELEV00KF2
CCONF002L1_WELEV00HL1,CCONF002L1,WELEV00HL1
CCONF003L1_CHALL002L1,CCONF003L1,CHALL002L1
CDEPT002L1_CDEPT003L1,CDEPT002L1,CDEPT003L1
CDEPT003L1_CHALL014L1,CDEPT003L1,CHALL014L1
CDEPT004L1_CHALL002L1,CDEPT004L1,CHALL002L1
CHALL001L1_CREST001L1,CHALL001L1,CREST001L1
CHALL001L2_WELEV00JL2,CHALL001L2,WELEV00JL2
CHALL002L1_CSERV001L1,CHALL002L1,CSERV001L1
CHALL002L2_CREST001L2,CHALL002L2,CREST001L2
CHALL003L1_CCONF003L1,CHALL003L1,CCONF003L1
CHALL003L1_CLABS004L1,CHALL003L1,CLABS004L1
CHALL003L2_CHALL002L2,CHALL003L2,CHALL002L2
CHALL003L2_WELEV00KL2,CHALL003L2,WELEV00KL2
CHALL004L1_CREST004L1,CHALL004L1,CREST004L1
CHALL004L2_CHALL003L2,CHALL004L2,CHALL003L2
CHALL005L1_WELEV00ML1,CHALL005L1,WELEV00ML1
CHALL005L2_CHALL006L2,CHALL005L2,CHALL006L2
CHALL005L2_WELEV00ML2,CHALL005L2,WELEV00ML2
CHALL006L1_CHALL007L1,CHALL006L1,CHALL007L1
CHALL006L2_CHALL007L2,CHALL006L2,CHALL007L2
CHALL007L1_CHALL008L1,CHALL007L1,CHALL008L1
CHALL007L2_CHALL008L2,CHALL007L2,CHALL008L2
CHALL008L1_CDEPT004L1,CHALL008L1,CDEPT004L1
CHALL008L1_WELEV00KL1,CHALL008L1,WELEV00KL1
CHALL008L2_CHALL009L2,CHALL008L2,CHALL009L2
CHALL008L2_WELEV00LL2,CHALL008L2,WELEV00LL2
CHALL009L1_CHALL010L1,CHALL009L1,CHALL010L1
CHALL009L1_CRETL001L1,CHALL009L1,CRETL001L1
CHALL009L2_CHALL010L2,CHALL009L2,CHALL010L2
CHALL010L1_CREST003L1,CHALL010L1,CREST003L1
CHALL010L2_CHALL004L2,CHALL010L2,CHALL004L2
CHALL011L1_WELEV00JL1,CHALL011L1,WELEV00JL1
CHALL012L1_CHALL013L1,CHALL012L1,CHALL013L1
CHALL013L1_CDEPT002L1,CHALL013L1,CDEPT002L1
CHALL014L1_WELEV00LL1,CHALL014L1,WELEV00LL1
CHALL015L1_CCONF001L1,CHALL015L1,CCONF001L1
CHALL015L1_CHALL011L1,CHALL015L1,CHALL011L1
CLABS001L1_CREST002L1,CLABS001L1,CREST002L1
CLABS001L2_CHALL001L2,CLABS001L2,CHALL001L2
CLABS002L1_CHALL005L1,CLABS002L1,CHALL005L1
CLABS002L1_CREST001L1,CLABS002L1,CREST001L1
CLABS002L2_WELEV00KL2,CLABS002L2,WELEV00KL2
CLABS003L1_CHALL006L1,CLABS003L1,CHALL006L1
CLABS004L1_CLABS003L1,CLABS004L1,CLABS003L1
CLABS005L1_CHALL003L1,CLABS005L1,CHALL003L1
CREST001L2_CLABS001L2,CREST001L2,CLABS001L2
CREST002L1_CHALL006L1,CREST002L1,CHALL006L1
CREST002L2_CSERV001L2,CREST002L2,CSERV001L2
CREST003L1_CHALL015L1,CREST003L1,CHALL015L1
CREST004L1_CLABS005L1,CREST004L1,CLABS005L1
CRETL001L1_CHALL012L1,CRETL001L1,CHALL012L1
CSERV001L1_CCONF002L1,CSERV001L1,CCONF002L1
CSERV001L2_CLABS002L2,CSERV001L2,CLABS002L2
DDEPT003F2_DHALL041F2,DDEPT003F2,DHALL041F2
DHALL001F2_DHALL002F2,DHALL001F2,DHALL002F2
DHALL002F2_DHALL003F2,DHALL002F2,DHALL003F2
DHALL003F2_DHALL004F2,DHALL003F2,DHALL004F2
DHALL003F2_DHALL005F2,DHALL003F2,DHALL005F2
DHALL005F2_DHALL006F2,DHALL005F2,DHALL006F2
DHALL006F2_DHALL007F2,DHALL006F2,DHALL007F2
DHALL007F2_DHALL008F2,DHALL007F2,DHALL008F2
DHALL008F2_DHALL009F2,DHALL008F2,DHALL009F2
DHALL009F2_DHALL010F2,DHALL009F2,DHALL010F2
DHALL009F2_DSTAI001F2,DHALL009F2,DSTAI001F2
DHALL010F2_DHALL011F2,DHALL010F2,DHALL011F2
DHALL011F2_DHALL012F2,DHALL011F2,DHALL012F2
DHALL012F2_DCONF001F2,DHALL012F2,DCONF001F2
DHALL012F2_DHALL013F2,DHALL012F2,DHALL013F2
DHALL012F2_DHALL016F2,DHALL012F2,DHALL016F2
DHALL013F2_DHALL014F2,DHALL013F2,DHALL014F2
DHALL014F2_DHALL015F2,DHALL014F2,DHALL015F2
DHALL015F2_DELEV00AF2,DHALL015F2,DELEV00AF2
DHALL016F2_DHALL017F2,DHALL016F2,DHALL017F2
DHALL017F2_DHALL018F2,DHALL017F2,DHALL018F2
DHALL017F2_DHALL019F2,DHALL017F2,DHALL019F2
DHALL019F2_DHALL026F2,DHALL019F2,DHALL026F2
DHALL019F2_DHALL060F2,DHALL019F2,DHALL060F2
DHALL020F2_DHALL021F2,DHALL020F2,DHALL021F2
DHALL021F2_DHALL022F2,DHALL021F2,DHALL022F2
DHALL022F2_DHALL023F2,DHALL022F2,DHALL023F2
DHALL022F2_DRETL001F2,DHALL022F2,DRETL001F2
DHALL023F2_DHALL024F2,DHALL023F2,DHALL024F2
DHALL023F2_DSTAI003F2,DHALL023F2,DSTAI003F2
DHALL024F2_DHALL025F2,DHALL024F2,DHALL025F2
DHALL026F2_DHALL027F2,DHALL026F2,DHALL027F2
DHALL026F2_DHALL028F2,DHALL026F2,DHALL028F2
DHALL027F2_DDEPT001F2,DHALL027F2,DDEPT001F2
DHALL027F2_DDEPT002F2,DHALL027F2,DDEPT002F2
DHALL027F2_DEXIT001F2,DHALL027F2,DEXIT001F2
DHALL028F2_DHALL029F2,DHALL028F2,DHALL029F2
DHALL028F2_DINFO001F2,DHALL028F2,DINFO001F2
DHALL029F2_DHALL030F2,DHALL029F2,DHALL030F2
DHALL029F2_DSTAI004F2,DHALL029F2,DSTAI004F2
DHALL030F2_DHALL031F2,DHALL030F2,DHALL031F2
DHALL030F2_DHALL032F2,DHALL030F2,DHALL032F2
DHALL031F2_DELEV00BF2,DHALL031F2,DELEV00BF2
DHALL031F2_DREST001F2,DHALL031F2,DREST001F2
DHALL032F2_DHALL033F2,DHALL032F2,DHALL033F2
DHALL032F2_DHALL034F2,DHALL032F2,DHALL034F2
DHALL033F2_DSTAI005F2,DHALL033F2,DSTAI005F2
DHALL034F2_DHALL035F2,DHALL034F2,DHALL035F2
DHALL034F2_DHALL040F2,DHALL034F2,DHALL040F2
DHALL034F2_DHALL043F2,DHALL034F2,DHALL043F2
DHALL035F2_DHALL036F2,DHALL035F2,DHALL036F2
DHALL036F2_DHALL037F2,DHALL036F2,DHALL037F2
DHALL037F2_DHALL038F2,DHALL037F2,DHALL038F2
DHALL037F2_DSTAI006F2,DHALL037F2,DSTAI006F2
DHALL038F2_DELEV00CF2,DHALL038F2,DELEV00CF2
DHALL038F2_DHALL039F2,DHALL038F2,DHALL039F2
DHALL040F2_DDEPT003F2,DHALL040F2,DDEPT003F2
DHALL040F2_DREST002F2,DHALL040F2,DREST002F2
DHALL041F2_DHALL042F2,DHALL041F2,DHALL042F2
DHALL041F2_DSTAI007F2,DHALL041F2,DSTAI007F2
DHALL043F2_DHALL044F2,DHALL043F2,DHALL044F2
DHALL043F2_DHALL046F2,DHALL043F2,DHALL046F2
DHALL044F2_DHALL045F2,DHALL044F2,DHALL045F2
DHALL046F2_DHALL047F2,DHALL046F2,DHALL047F2
DHALL046F2_DLABS001F2,DHALL046F2,DLABS001F2
DHALL047F2_DHALL048F2,DHALL047F2,DHALL048F2
DHALL048F2_DHALL049F2,DHALL048F2,DHALL049F2
DHALL048F2_DHALL050F2,DHALL048F2,DHALL050F2
DHALL050F2_DHALL051F2,DHALL050F2,DHALL051F2
DHALL050F2_DREST003F2,DHALL050F2,DREST003F2
DHALL051F2_DHALL052F2,DHALL051F2,DHALL052F2
DHALL051F2_DHALL053F2,DHALL051F2,DHALL053F2
DHALL052F2_DSTAI008F2,DHALL052F2,DSTAI008F2
DHALL053F2_DHALL054F2,DHALL053F2,DHALL054F2
DHALL053F2_DREST004F2,DHALL053F2,DREST004F2
DHALL054F2_DHALL055F2,DHALL054F2,DHALL055F2
DHALL054F2_DINFO002F2,DHALL054F2,DINFO002F2
DHALL055F2_DHALL056F2,DHALL055F2,DHALL056F2
DHALL055F2_DHALL059F2,DHALL055F2,DHALL059F2
DHALL056F2_DHALL057F2,DHALL056F2,DHALL057F2
DHALL057F2_DELEV00DF2,DHALL057F2,DELEV00DF2
DHALL057F2_DHALL058F2,DHALL057F2,DHALL058F2
DHALL059F2_DDEPT004F2,DHALL059F2,DDEPT004F2
DHALL060F2_DHALL020F2,DHALL060F2,DHALL020F2
DHALL060F2_DSTAI002F2,DHALL060F2,DSTAI002F2
EDEPT002F1_EDEPT003F1,EDEPT002F1,EDEPT003F1
EDEPT003F1_EHALL021F1,EDEPT003F1,EHALL021F1
EDEPT004F1_EHALL031F1,EDEPT004F1,EHALL031F1
EDEPT004F1_EHALL032F1,EDEPT004F1,EHALL032F1
EHALL003F1_EHALL004F1,EHALL003F1,EHALL004F1
EHALL003F1_WELEV00KF1,EHALL003F1,WELEV00KF1
EHALL004F1_EHALL005F1,EHALL004F1,EHALL005F1
EHALL004F1_ESTAI002F1,EHALL004F1,ESTAI002F1
EHALL005F1_EHALL006F1,EHALL005F1,EHALL006F1
EHALL006F1_EHALL007F1,EHALL006F1,EHALL007F1
EHALL006F1_EHALL008F1,EHALL006F1,EHALL008F1
EHALL007F1_EDEPT001F1,EHALL007F1,EDEPT001F1
EHALL007F1_WELEV00JF1,EHALL007F1,WELEV00JF1
EHALL008F1_EHALL009F1,EHALL008F1,EHALL009F1
EHALL008F1_EINFO001F1,EHALL008F1,EINFO001F1
EHALL009F1_EHALL010F1,EHALL009F1,EHALL010F1
EHALL009F1_EHALL011F1,EHALL009F1,EHALL011F1
EHALL011F1_EHALL012F1,EHALL011F1,EHALL012F1
EHALL011F1_EHALL015F1,EHALL011F1,EHALL015F1
EHALL012F1_EHALL013F1,EHALL012F1,EHALL013F1
EHALL013F1_EHALL014F1,EHALL013F1,EHALL014F1
EHALL014F1_EHALL024F1,EHALL014F1,EHALL024F1
EHALL015F1_EHALL016F1,EHALL015F1,EHALL016F1
EHALL016F1_EHALL017F1,EHALL016F1,EHALL017F1
EHALL016F1_EHALL018F1,EHALL016F1,EHALL018F1
EHALL018F1_EHALL025F1,EHALL018F1,EHALL025F1
EHALL018F1_WELEV00GF1,EHALL018F1,WELEV00GF1
EHALL019F1_EDEPT002F1,EHALL019F1,EDEPT002F1
EHALL019F1_EHALL020F1,EHALL019F1,EHALL020F1
EHALL020F1_ELABS001F1,EHALL020F1,ELABS001F1
EHALL020F1_EREST001F1,EHALL020F1,EREST001F1
EHALL021F1_EHALL022F1,EHALL021F1,EHALL022F1
EHALL022F1_EHALL023F1,EHALL022F1,EHALL023F1
EHALL022F1_WELEV00EF1,EHALL022F1,WELEV00EF1
EHALL024F1_EHALL025F1,EHALL024F1,EHALL025F1
EHALL024F1_EHALL029F1,EHALL024F1,EHALL029F1
EHALL025F1_EHALL028F1,EHALL025F1,EHALL028F1
EHALL025F1_EREST002F1,EHALL025F1,EREST002F1
EHALL026F1_EHALL027F1,EHALL026F1,EHALL027F1
EHALL029F1_EHALL030F1,EHALL029F1,EHALL030F1
EHALL029F1_WELEV00HF1,EHALL029F1,WELEV00HF1
EHALL030F1_ESTAI003F1,EHALL030F1,ESTAI003F1
EHALL031F1_EHALL034F1,EHALL031F1,EHALL034F1
EHALL031F1_EHALL035F1,EHALL031F1,EHALL035F1
EHALL032F1_EHALL033F1,EHALL032F1,EHALL033F1
EHALL033F1_ESTAI004F1,EHALL033F1,ESTAI004F1
EHALL035F1_EHALL036F1,EHALL035F1,EHALL036F1
ELABS002F1_EDEPT004F1,ELABS002F1,EDEPT004F1
EREST001F1_EEXIT002F1,EREST001F1,EEXIT002F1
EREST002F1_WELEV00FF1,EREST002F1,WELEV00FF1
EREST003F1_ELABS002F1,EREST003F1,ELABS002F1
ESTAI001F1_EHALL003F1,ESTAI001F1,EHALL003F1
ESTAI002F1_EEXIT001F1,ESTAI002F1,EEXIT001F1
ESTAI003F1_EREST003F1,ESTAI003F1,EREST003F1
FDEPT001F1_FHALL013F1,FDEPT001F1,FHALL013F1
FDEPT002F1_FHALL020F1,FDEPT002F1,FHALL020F1
FDEPT003F1_FHALL017F1,FDEPT003F1,FHALL017F1
FDEPT004F1_FHALL021F1,FDEPT004F1,FHALL021F1
FDEPT005F1_FEXIT003F1,FDEPT005F1,FEXIT003F1
FHALL001F1_FHALL002F1,FHALL001F1,FHALL002F1
FHALL001F1_WHALL001F1,FHALL001F1,WHALL001F1
FHALL002F1_FHALL003F1,FHALL002F1,FHALL003F1
FHALL002F1_FSTAI001F1,FHALL002F1,FSTAI001F1
FHALL003F1_FEXIT001F1,FHALL003F1,FEXIT001F1
FHALL003F1_FHALL004F1,FHALL003F1,FHALL004F1
FHALL004F1_FHALL005F1,FHALL004F1,FHALL005F1
FHALL005F1_FSERV001F1,FHALL005F1,FSERV001F1
FHALL006F1_FHALL005F1,FHALL006F1,FHALL005F1
FHALL007F1_WELEV00LF1,FHALL007F1,WELEV00LF1
FHALL008F1_FHALL007F1,FHALL008F1,FHALL007F1
FHALL009F1_FHALL008F1,FHALL009F1,FHALL008F1
FHALL009F1_FHALL013F1,FHALL009F1,FHALL013F1
FHALL010F1_FHALL013F1,FHALL010F1,FHALL013F1
FHALL011F1_FHALL009F1,FHALL011F1,FHALL009F1
FHALL012F1_FHALL011F1,FHALL012F1,FHALL011F1
FHALL014F1_FHALL011F1,FHALL014F1,FHALL011F1
FHALL014F1_FSERV002F1,FHALL014F1,FSERV002F1
FHALL015F1_FHALL014F1,FHALL015F1,FHALL014F1
FHALL016F1_FHALL015F1,FHALL016F1,FHALL015F1
FHALL017F1_FHALL018F1,FHALL017F1,FHALL018F1
FHALL018F1_FHALL007F1,FHALL018F1,FHALL007F1
FHALL018F1_FHALL032F1,FHALL018F1,FHALL032F1
FHALL019F1_FHALL016F1,FHALL019F1,FHALL016F1
FHALL019F1_FHALL020F1,FHALL019F1,FHALL020F1
FHALL019F1_FHALL021F1,FHALL019F1,FHALL021F1
FHALL022F1_FHALL021F1,FHALL022F1,FHALL021F1
FHALL022F1_FHALL028F1,FHALL022F1,FHALL028F1
FHALL022F1_WELEV00MF1,FHALL022F1,WELEV00MF1
FHALL023F1_FHALL024F1,FHALL023F1,FHALL024F1
FHALL024F1_FHALL025F1,FHALL024F1,FHALL025F1
FHALL025F1_FHALL026F1,FHALL025F1,FHALL026F1
FHALL026F1_FHALL031F1,FHALL026F1,FHALL031F1
FHALL027F1_FHALL026F1,FHALL027F1,FHALL026F1
FHALL027F1_FHALL033F1,FHALL027F1,FHALL033F1
FHALL028F1_FEXIT002F1,FHALL028F1,FEXIT002F1
FHALL029F1_FHALL028F1,FHALL029F1,FHALL028F1
FHALL029F1_FINFO001F1,FHALL029F1,FINFO001F1
FHALL031F1_FHALL002F1,FHALL031F1,FHALL002F1
FHALL031F1_FREST001F1,FHALL031F1,FREST001F1
FHALL032F1_FDEPT006F1,FHALL032F1,FDEPT006F1
FHALL032F1_FHALL016F1,FHALL032F1,FHALL016F1
FHALL033F1_FDEPT005F1,FHALL033F1,FDEPT005F1
FLABS001F1_FHALL023F1,FLABS001F1,FHALL023F1
FRETL001F1_FHALL004F1,FRETL001F1,FHALL004F1
FRETL002F1_FHALL030F1,FRETL002F1,FHALL030F1
FSERV003F1_FHALL020F1,FSERV003F1,FHALL020F1
FSERV004F1_FHALL017F1,FSERV004F1,FHALL017F1
FSERV005F1_FHALL029F1,FSERV005F1,FHALL029F1
FSERV005F1_FHALL030F1,FSERV005F1,FHALL030F1
FSTAI002F1_FHALL010F1,FSTAI002F1,FHALL010F1
FSTAI003F1_FHALL025F1,FSTAI003F1,FHALL025F1
GDEPT004F3_GELEV00QF3,GDEPT004F3,GELEV00QF3
GDEPT004F3_GHALL010F3,GDEPT004F3,GHALL010F3
GDEPT007F2_GHALL005F2,GDEPT007F2,GHALL005F2
GDEPT014F3_GELEV00NF3,GDEPT014F3,GELEV00NF3
GDEPT014F3_GSERV016F3,GDEPT014F3,GSERV016F3
GDEPT019F1_GCONF020F1,GDEPT019F1,GCONF020F1
GDEPT024F2_GHALL017F2,GDEPT024F2,GHALL017F2
GDEPT024F2_GHALL030F2,GDEPT024F2,GHALL030F2
GDEPT035F2_GHALL030F2,GDEPT035F2,GHALL030F2
GELEV00NF1_GELEV00NF2,GELEV00NF1,GELEV00NF2
GELEV00NF1_GELEV00NF3,GELEV00NF1,GELEV00NF3
GELEV00NF2_GDEPT024F2,GELEV00NF2,GDEPT024F2
GELEV00NF2_GELEV00NF3,GELEV00NF2,GELEV00NF3
GELEV00QF1_GDEPT019F1,GELEV00QF1,GDEPT019F1
GELEV00QF1_GELEV00QF2,GELEV00QF1,GELEV00QF2
GELEV00QF1_GELEV00QF3,GELEV00QF1,GELEV00QF3
GELEV00QF2_GELEV00QF3,GELEV00QF2,GELEV00QF3
GELEV00QF2_GREST031F2,GELEV00QF2,GREST031F2
GELEV00QF3_GHALL006F3,GELEV00QF3,GHALL006F3
GELEV00QL1_GELEV00QF1,GELEV00QL1,GELEV00QF1
GELEV00QL1_GELEV00QF2,GELEV00QL1,GELEV00QF2
GELEV00QL1_GELEV00QF3,GELEV00QL1,GELEV00QF3
GELEV00QL2_GELEV00QF1,GELEV00QL2,GELEV00QF1
GELEV00QL2_GELEV00QF2,GELEV00QL2,GELEV00QF2
GELEV00QL2_GELEV00QF3,GELEV00QL2,GELEV00QF3
GELEV00QL2_GELEV00QL1,GELEV00QL2,GELEV00QL1
GELEV00QL2_GHALL007L2,GELEV00QL2,GHALL007L2
GEXIT001F1_GHALL002F1,GEXIT001F1,GHALL002F1
GEXIT001F1_GSTAI013F1,GEXIT001F1,GSTAI013F1
GEXIT001L1_GHALL002L1,GEXIT001L1,GHALL002L1
GHALL001F2_GHALL003F2,GHALL001F2,GHALL003F2
GHALL001F3_GHALL002F3,GHALL001F3,GHALL002F3
GHALL001L2_GLABS003L2,GHALL001L2,GLABS003L2
GHALL002F1_GHALL003F1,GHALL002F1,GHALL003F1
GHALL002F2_GHALL001F2,GHALL002F2,GHALL001F2
GHALL002F3_GHALL003F3,GHALL002F3,GHALL003F3
GHALL002L1_GHALL003L1,GHALL002L1,GHALL003L1
GHALL003F1_GHALL021F1,GHALL003F1,GHALL021F1
GHALL003F2_GHALL004F2,GHALL003F2,GHALL004F2
GHALL003F3_GDEPT004F3,GHALL003F3,GDEPT004F3
GHALL003L1_GHALL004L1,GHALL003L1,GHALL004L1
GHALL003L1_GHALL005L1,GHALL003L1,GHALL005L1
GHALL004F2_GHALL002F2,GHALL004F2,GHALL002F2
GHALL004F2_GREST006F2,GHALL004F2,GREST006F2
GHALL005F2_GHALL003F2,GHALL005F2,GHALL003F2
GHALL005L1_GHALL006L1,GHALL005L1,GHALL006L1
GHALL005L1_GSTAI008L1,GHALL005L1,GSTAI008L1
GHALL005L2_GELEV00QL2,GHALL005L2,GELEV00QL2
GHALL006F1_GHALL007F1,GHALL006F1,GHALL007F1
GHALL006F1_GREST012F1,GHALL006F1,GREST012F1
GHALL006F1_GSTAI013F1,GHALL006F1,GSTAI013F1
GHALL006F3_GHALL007F3,GHALL006F3,GHALL007F3
GHALL006F3_GHALL008F3,GHALL006F3,GHALL008F3
GHALL006L1_GELEV00QL1,GHALL006L1,GELEV00QL1
GHALL007F1_GHALL008F1,GHALL007F1,GHALL008F1
GHALL007F1_GHALL017F1,GHALL007F1,GHALL017F1
GHALL007L2_GHALL008L2,GHALL007L2,GHALL008L2
GHALL007L2_GHALL009L2,GHALL007L2,GHALL009L2
GHALL008F1_GHALL009F1,GHALL008F1,GHALL009F1
GHALL008F3_GSTAI009F3,GHALL008F3,GSTAI009F3
GHALL009F1_GHALL010F1,GHALL009F1,GHALL010F1
GHALL009L2_GHALL010L2,GHALL009L2,GHALL010L2
GHALL010F2_GDEPT007F2,GHALL010F2,GDEPT007F2
GHALL010F2_GREST006F2,GHALL010F2,GREST006F2
GHALL010F3_GHALL011F3,GHALL010F3,GHALL011F3
GHALL010F3_GHALL013F3,GHALL010F3,GHALL013F3
GHALL010L2_GHALL011L2,GHALL010L2,GHALL011L2
GHALL011F2_GDEPT007F2,GHALL011F2,GDEPT007F2
GHALL011F2_GHALL012F2,GHALL011F2,GHALL012F2
GHALL011F3_GREST012F3,GHALL011F3,GREST012F3
GHALL011L2_GHALL012L2,GHALL011L2,GHALL012L2
GHALL012F2_GHALL010F2,GHALL012F2,GHALL010F2
GHALL012L2_GHALL013L2,GHALL012L2,GHALL013L2
GHALL013F2_GHALL011F2,GHALL013F2,GHALL011F2
GHALL013F3_GDEPT014F3,GHALL013F3,GDEPT014F3
GHALL013L2_GLABS014L2,GHALL013L2,GLABS014L2
GHALL014F1_GHALL008F1,GHALL014F1,GHALL008F1
GHALL014F1_GHALL015F1,GHALL014F1,GHALL015F1
GHALL014F2_GHALL012F2,GHALL014F2,GHALL012F2
GHALL014F2_GHALL013F2,GHALL014F2,GHALL013F2
GHALL015F1_GHALL016F1,GHALL015F1,GHALL016F1
GHALL015F2_GHALL013F2,GHALL015F2,GHALL013F2
GHALL016F2_GHALL014F2,GHALL016F2,GHALL014F2
GHALL016F2_GHALL015F2,GHALL016F2,GHALL015F2
GHALL016L2_GHALL017L2,GHALL016L2,GHALL017L2
GHALL017F1_GELEV00QF1,GHALL017F1,GELEV00QF1
GHALL017F2_GHALL016F2,GHALL017F2,GHALL016F2
GHALL017F2_GINFO019F2,GHALL017F2,GINFO019F2
GHALL018F2_GHALL020F2,GHALL018F2,GHALL020F2
GHALL020F2_GHALL021F2,GHALL020F2,GHALL021F2
GHALL020F2_GHALL022F2,GHALL020F2,GHALL022F2
GHALL021F1_GHALL022F1,GHALL021F1,GHALL022F1
GHALL021F1_GHALL028F1,GHALL021F1,GHALL028F1
GHALL021F2_GHALL023F2,GHALL021F2,GHALL023F2
GHALL021F2_GINFO019F2,GHALL021F2,GINFO019F2
GHALL022F1_GSERV023F1,GHALL022F1,GSERV023F1
GHALL022F2_GHALL023F2,GHALL022F2,GHALL023F2
GHALL022F2_WHALL008F2,GHALL022F2,WHALL008F2
GHALL023F2_GHALL027F2,GHALL023F2,GHALL027F2
GHALL024F1_GELEV00NF1,GHALL024F1,GELEV00NF1
GHALL027F2_GSTAI026F2,GHALL027F2,GSTAI026F2
GHALL028F1_GHALL029F1,GHALL028F1,GHALL029F1
GHALL029F1_GHALL030F1,GHALL029F1,GHALL030F1
GHALL029F2_GHALL027F2,GHALL029F2,GHALL027F2
GHALL030F1_GHALL031F1,GHALL030F1,GHALL031F1
GHALL030F1_GHALL033F1,GHALL030F1,GHALL033F1
GHALL030F2_GREST031F2,GHALL030F2,GREST031F2
GHALL032F2_GSTAI028F2,GHALL032F2,GSTAI028F2
GHALL033F1_GHALL034F1,GHALL033F1,GHALL034F1
GHALL033F2_GHALL032F2,GHALL033F2,GHALL032F2
GHALL033F2_GHALL034F2,GHALL033F2,GHALL034F2
GHALL034F1_GRETL035F1,GHALL034F1,GRETL035F1
GHALL034F2_GHALL029F2,GHALL034F2,GHALL029F2
GHALL036F2_GDEPT035F2,GHALL036F2,GDEPT035F2
GHALL037F2_GHALL033F2,GHALL037F2,GHALL033F2
GHALL037F2_GHALL036F2,GHALL037F2,GHALL036F2
GHALL037F2_GHALL038F2,GHALL037F2,GHALL038F2
GHALL038F2_GHALL034F2,GHALL038F2,GHALL034F2
GINFO019F2_GHALL018F2,GINFO019F2,GHALL018F2
GLABS003L2_GREST004L2,GLABS003L2,GREST004L2
GLABS014L2_GLABS015L2,GLABS014L2,GLABS015L2
GLABS015L2_GHALL016L2,GLABS015L2,GHALL016L2
GREST004L2_GHALL005L2,GREST004L2,GHALL005L2
GREST006F2_GHALL005F2,GREST006F2,GHALL005F2
GREST031F2_GHALL032F2,GREST031F2,GHALL032F2
GSERV023F1_GHALL024F1,GSERV023F1,GHALL024F1
GSTAI005F1_GHALL006F1,GSTAI005F1,GHALL006F1
GSTAI008L1_GSTAI013F1,GSTAI008L1,GSTAI013F1
GSTAI009F3_GSTAI026F2,GSTAI009F3,GSTAI026F2
GSTAI026F2_GELEV00NF2,GSTAI026F2,GELEV00NF2
GSTAI028F2_GHALL029F2,GSTAI028F2,GHALL029F2
GSTAI028F2_GSTAI005F1,GSTAI028F2,GSTAI005F1
HHALL001F2_HHALL002F2,HHALL001F2,HHALL002F2
HHALL001F2_HHALL004F2,HHALL001F2,HHALL004F2
HHALL002F2_HHALL003F2,HHALL002F2,HHALL003F2
HHALL002F2_HRETL001F2,HHALL002F2,HRETL001F2
HHALL002F3_HLABS001F3,HHALL002F3,HLABS001F3
HHALL003F2_HSTAI001F2,HHALL003F2,HSTAI001F2
HHALL003F2_WHALL003F2,HHALL003F2,WHALL003F2
HHALL003F3_HHALL001F3,HHALL003F3,HHALL001F3
HHALL003F3_HHALL002F3,HHALL003F3,HHALL002F3
HHALL004F2_HHALL005F2,HHALL004F2,HHALL005F2
HHALL004F3_HHALL003F3,HHALL004F3,HHALL003F3
HHALL005F2_HHALL006F2,HHALL005F2,HHALL006F2
HHALL005F2_HRETL002F2,HHALL005F2,HRETL002F2
HHALL005F2_HRETL003F2,HHALL005F2,HRETL003F2
HHALL005F3_HHALL004F3,HHALL005F3,HHALL004F3
HHALL005F3_HSTAI001F3,HHALL005F3,HSTAI001F3
HHALL006F2_HHALL007F2,HHALL006F2,HHALL007F2
HHALL006F3_HHALL007F3,HHALL006F3,HHALL007F3
HHALL007F2_HHALL008F2,HHALL007F2,HHALL008F2
HHALL007F2_HSTAI002F2,HHALL007F2,HSTAI002F2
HHALL007F3_HDEPT001F3,HHALL007F3,HDEPT001F3
HHALL007F3_HHALL008F3,HHALL007F3,HHALL008F3
HHALL008F2_HHALL009F2,HHALL008F2,HHALL009F2
HHALL008F2_HSTAI003F2,HHALL008F2,HSTAI003F2
HHALL008F3_HHALL009F3,HHALL008F3,HHALL009F3
HHALL008F3_HSERV001F3,HHALL008F3,HSERV001F3
HHALL009F2_WELEV00MF2,HHALL009F2,WELEV00MF2
HHALL009F2_WHALL007F2,HHALL009F2,WHALL007F2
HHALL009F3_HHALL010F3,HHALL009F3,HHALL010F3
HHALL009F3_HHALL011F3,HHALL009F3,HHALL011F3
HHALL010F2_HDEPT001F2,HHALL010F2,HDEPT001F2
HHALL010F2_WHALL005F2,HHALL010F2,WHALL005F2
HHALL010F3_HREST001F3,HHALL010F3,HREST001F3
HHALL011F3_HDEPT002F3,HHALL011F3,HDEPT002F3
HHALL011F3_HHALL012F3,HHALL011F3,HHALL012F3
HHALL012F3_HHALL013F3,HHALL012F3,HHALL013F3
HHALL013F3_HHALL014F3,HHALL013F3,HHALL014F3
HHALL014F3_HHALL015F3,HHALL014F3,HHALL015F3
HHALL015F3_HREST002F3,HHALL015F3,HREST002F3
HHALL015F3_HHALL006F3,HHALL015F3,HHALL006F3
HRETL002F2_HREST001F2,HRETL002F2,HREST001F2
HSTAI001F2_FSTAI001F1,HSTAI001F2,FSTAI001F1
IHALL001F3_IHALL002F3,IHALL001F3,IHALL002F3
IHALL001F3_IREST001F3,IHALL001F3,IREST001F3
IHALL002F3_IDEPT001F3,IHALL002F3,IDEPT001F3
IHALL002F3_IHALL003F3,IHALL002F3,IHALL003F3
IHALL003F3_IDEPT002F3,IHALL003F3,IDEPT002F3
IHALL003F3_IHALL004F3,IHALL003F3,IHALL004F3
IHALL004F3_IHALL005F3,IHALL004F3,IHALL005F3
IHALL004F3_IREST002F3,IHALL004F3,IREST002F3
IHALL005F3_IDEPT003F3,IHALL005F3,IDEPT003F3
IHALL005F3_IHALL006F3,IHALL005F3,IHALL006F3
IHALL006F3_IHALL007F3,IHALL006F3,IHALL007F3
IHALL007F3_IDEPT004F3,IHALL007F3,IDEPT004F3
IHALL007F3_IHALL008F3,IHALL007F3,IHALL008F3
IHALL008F3_IHALL010F3,IHALL008F3,IHALL010F3
IHALL008F3_IREST003F3,IHALL008F3,IREST003F3
IHALL010F3_IDEPT005F3,IHALL010F3,IDEPT005F3
IHALL010F3_IHALL009F3,IHALL010F3,IHALL009F3
IHALL010F3_IHALL011F3,IHALL010F3,IHALL011F3
IHALL010F3_WELEV00HF3,IHALL010F3,WELEV00HF3
IHALL012F3_IHALL015F3,IHALL012F3,IHALL015F3
IHALL012F3_WELEV00KF3,IHALL012F3,WELEV00KF3
IHALL013F3_IHALL002F3,IHALL013F3,IHALL002F3
IHALL013F3_IHALL012F3,IHALL013F3,IHALL012F3
IHALL013F3_IHALL014F3,IHALL013F3,IHALL014F3
IHALL013F3_IREST004F3,IHALL013F3,IREST004F3
IHALL014F3_IHALL017F3,IHALL014F3,IHALL017F3
IHALL014F3_IREST005F3,IHALL014F3,IREST005F3
IHALL017F3_IHALL016F3,IHALL017F3,IHALL016F3
IHALL017F3_IHALL018F3,IHALL017F3,IHALL018F3
IHALL018F3_IHALL019F3,IHALL018F3,IHALL019F3
IHALL019F3_IDEPT008F3,IHALL019F3,IDEPT008F3
IHALL019F3_IHALL020F3,IHALL019F3,IHALL020F3
IHALL020F3_IDEPT009F3,IHALL020F3,IDEPT009F3
IHALL022F3_IDEPT006F3,IHALL022F3,IDEPT006F3
IHALL022F3_IDEPT007F3,IHALL022F3,IDEPT007F3
PHALL001F2_DHALL026F2,PHALL001F2,DHALL026F2
WELEV00EF1_WELEV00EF2,WELEV00EF1,WELEV00EF2
WELEV00FF1_EHALL026F1,WELEV00FF1,EHALL026F1
WELEV00FF1_WELEV00FF2,WELEV00FF1,WELEV00FF2
WELEV00GF1_EHALL019F1,WELEV00GF1,EHALL019F1
WELEV00GF1_WELEV00GF2,WELEV00GF1,WELEV00GF2
WELEV00HF1_WELEV00HF2,WELEV00HF1,WELEV00HF2
WELEV00HF1_WELEV00HF3,WELEV00HF1,WELEV00HF3
WELEV00HF2_WELEV00HF3,WELEV00HF2,WELEV00HF3
WELEV00HL1_CHALL004L1,WELEV00HL1,CHALL004L1
WELEV00HL1_WELEV00HF1,WELEV00HL1,WELEV00HF1
WELEV00HL1_WELEV00HF2,WELEV00HL1,WELEV00HF2
WELEV00HL1_WELEV00HF3,WELEV00HL1,WELEV00HF3
WELEV00JF1_WELEV00JF2,WELEV00JF1,WELEV00JF2
WELEV00JF1_WELEV00JF3,WELEV00JF1,WELEV00JF3
WELEV00JF2_WELEV00JF3,WELEV00JF2,WELEV00JF3
WELEV00JF3_IHALL018F3,WELEV00JF3,IHALL018F3
WELEV00JF3_IHALL022F3,WELEV00JF3,IHALL022F3
WELEV00JL1_WELEV00JF1,WELEV00JL1,WELEV00JF1
WELEV00JL1_WELEV00JF2,WELEV00JL1,WELEV00JF2
WELEV00JL1_WELEV00JF3,WELEV00JL1,WELEV00JF3
WELEV00JL2_WELEV00JF1,WELEV00JL2,WELEV00JF1
WELEV00JL2_WELEV00JF2,WELEV00JL2,WELEV00JF2
WELEV00JL2_WELEV00JF3,WELEV00JL2,WELEV00JF3
WELEV00JL2_WELEV00JL1,WELEV00JL2,WELEV00JL1
WELEV00KF1_WELEV00KF2,WELEV00KF1,WELEV00KF2
WELEV00KF1_WELEV00KF3,WELEV00KF1,WELEV00KF3
WELEV00KF2_WELEV00KF3,WELEV00KF2,WELEV00KF3
WELEV00KL1_CHALL009L1,WELEV00KL1,CHALL009L1
WELEV00KL1_WELEV00KF1,WELEV00KL1,WELEV00KF1
WELEV00KL1_WELEV00KF2,WELEV00KL1,WELEV00KF2
WELEV00KL1_WELEV00KF3,WELEV00KL1,WELEV00KF3
WELEV00KL2_WELEV00KF1,WELEV00KL2,WELEV00KF1
WELEV00KL2_WELEV00KF2,WELEV00KL2,WELEV00KF2
WELEV00KL2_WELEV00KF3,WELEV00KL2,WELEV00KF3
WELEV00KL2_WELEV00KL1,WELEV00KL2,WELEV00KL1
WELEV00LF1_FHALL006F1,WELEV00LF1,FHALL006F1
WELEV00LF1_WELEV00LF2,WELEV00LF1,WELEV00LF2
WELEV00LF1_WELEV00LF3,WELEV00LF1,WELEV00LF3
WELEV00LF2_HHALL001F2,WELEV00LF2,HHALL001F2
WELEV00LF2_WELEV00LF3,WELEV00LF2,WELEV00LF3
WELEV00LF3_HHALL006F3,WELEV00LF3,HHALL006F3
WELEV00LL1_CHALL001L1,WELEV00LL1,CHALL001L1
WELEV00LL1_WELEV00LF1,WELEV00LL1,WELEV00LF1
WELEV00LL1_WELEV00LF2,WELEV00LL1,WELEV00LF2
WELEV00LL1_WELEV00LF3,WELEV00LL1,WELEV00LF3
WELEV00LL2_WELEV00LF1,WELEV00LL2,WELEV00LF1
WELEV00LL2_WELEV00LF2,WELEV00LL2,WELEV00LF2
WELEV00LL2_WELEV00LF3,WELEV00LL2,WELEV00LF3
WELEV00LL2_WELEV00LL1,WELEV00LL2,WELEV00LL1
WELEV00MF1_FHALL023F1,WELEV00MF1,FHALL023F1
WELEV00MF1_WELEV00MF2,WELEV00MF1,WELEV00MF2
WELEV00MF1_WELEV00MF3,WELEV00MF1,WELEV00MF3
WELEV00MF2_HHALL010F2,WELEV00MF2,HHALL010F2
WELEV00MF2_WELEV00MF3,WELEV00MF2,WELEV00MF3
WELEV00MF3_HHALL005F3,WELEV00MF3,HHALL005F3
WELEV00ML1_CLABS001L1,WELEV00ML1,CLABS001L1
WELEV00ML1_WELEV00MF1,WELEV00ML1,WELEV00MF1
WELEV00ML1_WELEV00MF2,WELEV00ML1,WELEV00MF2
WELEV00ML1_WELEV00MF3,WELEV00ML1,WELEV00MF3
WELEV00ML2_CREST002L2,WELEV00ML2,CREST002L2
WELEV00ML2_WELEV00MF1,WELEV00ML2,WELEV00MF1
WELEV00ML2_WELEV00MF2,WELEV00ML2,WELEV00MF2
WELEV00ML2_WELEV00MF3,WELEV00ML2,WELEV00MF3
WELEV00ML2_WELEV00ML1,WELEV00ML2,WELEV00ML1
WHALL001F1_WHALL002F1,WHALL001F1,WHALL002F1
WHALL001F2_WHALL002F2,WHALL001F2,WHALL002F2
WHALL001F3_WELEV00MF3,WHALL001F3,WELEV00MF3
WHALL001F3_WHALL002F3,WHALL001F3,WHALL002F3
WHALL001L2_CHALL005L2,WHALL001L2,CHALL005L2
WHALL001L2_WHALL002L2,WHALL001L2,WHALL002L2
WHALL002F1_ESTAI001F1,WHALL002F1,ESTAI001F1
WHALL002F2_DDEPT004F2,WHALL002F2,DDEPT004F2
WHALL002F3_IHALL001F3,WHALL002F3,IHALL001F3
WHALL002L2_GHALL001L2,WHALL002L2,GHALL001L2
WHALL003F2_WHALL004F2,WHALL003F2,WHALL004F2
WHALL004F2_BSTAI001F2,WHALL004F2,BSTAI001F2
WHALL005F2_WHALL006F2,WHALL005F2,WHALL006F2
WHALL007F2_WHALL008F2,WHALL007F2,WHALL008F2
WHALL009F2_GHALL037F2,WHALL009F2,GHALL037F2
WHALL009F2_WHALL010F2,WHALL009F2,WHALL010F2
